Workbook

Sheet Instructions
A1: NIFTY Sector Performance Tracker
A2: A live-recalculating workbook for tracking sector and stock performance across Daily / Weekly / Monthly timeframes.
A4: HOW THIS WORKBOOK STAYS "LIVE"
A5: This workbook does not have a broker/data API wired in yet, so it can't pull prices on its own.
A6: Instead, every calculation (percent change, ranks, best/worst, sector rollups) recalculates instantly
A7: the moment you paste in new numbers — so refreshing is just: paste prices, done.
A9: WHAT TO PASTE, AND WHERE
A10: 1. 'Sector Summary' tab: paste each sector index's current level into the LTP column, as often as you like.
A11: 2. 'Constituents' tab: paste each stock's current price into the LTP column, as often as you like.
A12: 3. Once a day (or once a week/month), refresh the reference closes: 'Prev Close (D)' at the start of each
A13: trading day, 'Prev Close (W)' at the start of each week, 'Prev Close (M)' at the start of each month.
A15: COLOR LEGEND
... A35: has sample stock prices filled in — every other sector's cells are at 0 until you paste real numbers.

Sheet Sector Summary
A1: Active Timeframe: | B1: Daily | C1: <- choose the timeframe for the whole workbook
A3: Sector | B3: Index Symbol | C3: Prev Close (D) | D3: Prev Close (W) | E3: Prev Close (M) | F3: LTP | G3: % Chg (Active) | H3: Rank | I3: Tag
A4: Bank | B4: NIFTYBANK | C4: 52340 | D4: 51820 | E4: 50900 | F4: 52810 | G4: =IFERROR(IF($B$1="Daily",F4/C4-1,IF($B$1="Weekly",F4/D4-1,F4/E4-1)),"") -> 0.0089797478 | H4: =IFERROR(SUMPRODUCT(($G$4:$G$14>G4)*1)+1,"") -> 5 | I4: =IF(H4=1,"Top",IF(H4=11,"Bottom",""))
A5: IT | B5: CNXIT | C5: 38420 | D5: 38900 | E5: 39750 | F5: 38050 | G5: =IFERROR(IF($B$1="Daily",F5/C5-1,IF($B$1="Weekly",F5/D5-1,F5/E5-1)),"") -> -0.0096304008 | H5: =IFERROR(SUMPRODUCT(($G$4:$G$14>G5)*1)+1,"") -> 10 | I5: =IF(H5=1,"Top",IF(H5=11,"Bottom",""))
A6: Auto | B6: CNXAUTO | C6: 24680 | D6: 24310 | E6: 23890 | F6: 24990 | G6: =IFERROR(IF($B$1="Daily",F6/C6-1,IF($B$1="Weekly",F6/D6-1,F6/E6-1)),"") -> 0.012560778 | H6: =IFERROR(SUMPRODUCT(($G$4:$G$14>G6)*1)+1,"") -> 1 | I6: =IF(H6=1,"Top",IF(H6=11,"Bottom","")) -> Top
A7: Pharma | B7: CNXPHARMA | C7: 21540 | D7: 21200 | E7: 20680 | F7: 21790 | G7: =IFERROR(IF($B$1="Daily",F7/C7-1,IF($B$1="Weekly",F7/D7-1,F7/E7-1)),"") -> 0.011606314 | H7: =IFERROR(SUMPRODUCT(($G$4:$G$14>G7)*1)+1,"") -> 2 | I7: =IF(H7=1,"Top",IF(H7=11,"Bottom",""))
A8: FMCG | B8: CNXFMCG | C8: 58900 | D8: 58600 | E8: 58100 | F8: 58750 | G8: =IFERROR(IF($B$1="Daily",F8/C8-1,IF($B$1="Weekly",F8/D8-1,F8/E8-1)),"") -> -0.0025466893 | H8: =IFERROR(SUMPRODUCT(($G$4:$G$14>G8)*1)+1,"") -> 8 | I8: =IF(H8=1,"Top",IF(H8=11,"Bottom",""))
A9: Metal | B9: CNXMETAL | C9: 9820 | D9: 9640 | E9: 9410 | F9: 9905 | G9: =IFERROR(IF($B$1="Daily",F9/C9-1,IF($B$1="Weekly",F9/D9-1,F9/E9-1)),"") -> 0.0086558045 | H9: =IFERROR(SUMPRODUCT(($G$4:$G$14>G9)*1)+1,"") -> 6 | I9: =IF(H9=1,"Top",IF(H9=11,"Bottom",""))
A10: Energy | B10: CNXENERGY | C10: 43210 | D10: 42980 | E10: 42500 | F10: 43080 | G10: =IFERROR(IF($B$1="Daily",F10/C10-1,IF($B$1="Weekly",F10/D10-1,F10/E10-1)),"") -> -0.0030085628 | H10: =IFERROR(SUMPRODUCT(($G$4:$G$14>G10)*1)+1,"") -> 9 | I10: =IF(H10=1,"Top",IF(H10=11,"Bottom",""))
A11: Realty | B11: CNXREALTY | C11: 1120 | D11: 1095 | E11: 1060 | F11: 1132 | G11: =IFERROR(IF($B$1="Daily",F11/C11-1,IF($B$1="Weekly",F11/D11-1,F11/E11-1)),"") -> 0.010714286 | H11: =IFERROR(SUMPRODUCT(($G$4:$G$14>G11)*1)+1,"") -> 3 | I11: =IF(H11=1,"Top",IF(H11=11,"Bottom",""))
A12: Media | B12: CNXMEDIA | C12: 1780 | D12: 1820 | E12: 1890 | F12: 1755 | G12: =IFERROR(IF($B$1="Daily",F12/C12-1,IF($B$1="Weekly",F12/D12-1,F12/E12-1)),"") -> -0.014044944 | H12: =IFERROR(SUMPRODUCT(($G$4:$G$14>G12)*1)+1,"") -> 11 | I12: =IF(H12=1,"Top",IF(H12=11,"Bottom","")) -> Bottom
A13: PSU Bank | B13: NIFTYPSUBANK | C13: 7120 | D13: 6980 | E13: 6810 | F13: 7195 | G13: =IFERROR(IF($B$1="Daily",F13/C13-1,IF($B$1="Weekly",F13/D13-1,F13/E13-1)),"") -> 0.010533708 | H13: =IFERROR(SUMPRODUCT(($G$4:$G$14>G13)*1)+1,"") -> 4 | I13: =IF(H13=1,"Top",IF(H13=11,"Bottom",""))
A14: Fin Service | B14: CNXFINANCE | C14: 23980 | D14: 23750 | E14: 23300 | F14: 24140 | G14: =IFERROR(IF($B$1="Daily",F14/C14-1,IF($B$1="Weekly",F14/D14-1,F14/E14-1)),"") -> 0.0066722269 | H14: =IFERROR(SUMPRODUCT(($G$4:$G$14>G14)*1)+1,"") -> 7 | I14: =IF(H14=1,"Top",IF(H14=11,"Bottom",""))

Sheet Constituents
A1: Sector | B1: Symbol | C1: Prev Close (D) | D1: Prev Close (W) | E1: Prev Close (M) | F1: LTP | G1: % Chg (Active) | H1: Rank in Sector | I1: Key
A2: Bank | B2: HDFCBANK | C2: 1648.2 | D2: 1631.5 | E2: 1602 | F2: 1657.85 | G2: =IFERROR(IF('Sector Summary'!$B$1="Daily",F2/C2-1,IF('Sector Summary'!$B$1="Weekly",F2/D2-1,F2/E2-1)),"") -> 0.005854872 | H2: =IFERROR(SUMPRODUCT(($A$2:$A$13=A2)*($G$2:$G$13>G2))+1,"") -> 10 | I2: =A2&"|"&H2 -> Bank|10
A3: Bank | B3: ICICIBANK | C3: 1211.4 | D3: 1198.75 | E3: 1175.3 | F3: 1223.6 | G3: =IFERROR(IF('Sector Summary'!$B$1="Daily",F3/C3-1,IF('Sector Summary'!$B$1="Weekly",F3/D3-1,F3/E3-1)),"") -> 0.010070992 | H3: =IFERROR(SUMPRODUCT(($A$2:$A$13=A3)*($G$2:$G$13>G3))+1,"") -> 7 | I3: =A3&"|"&H3 -> Bank|7
A4: Bank | B4: SBIN | C4: 818.35 | D4: 805.1 | E4: 792.6 | F4: 826.9 | G4: =IFERROR(IF('Sector Summary'!$B$1="Daily",F4/C4-1,IF('Sector Summary'!$B$1="Weekly",F4/D4-1,F4/E4-1)),"") -> 0.010447852 | H4: =IFERROR(SUMPRODUCT(($A$2:$A$13=A4)*($G$2:$G$13>G4))+1,"") -> 6 | I4: =A4&"|"&H4 -> Bank|6
A5: Bank | B5: KOTAKBANK | C5: 1789.6 | D5: 1802.4 | E5: 1755.9 | F5: 1771.25 | G5: =IFERROR(IF('Sector Summary'!$B$1="Daily",F5/C5-1,IF('Sector Summary'!$B$1="Weekly",F5/D5-1,F5/E5-1)),"") -> -0.010253688 | H5: =IFERROR(SUMPRODUCT(($A$2:$A$13=A5)*($G$2:$G$13>G5))+1,"") -> 11 | I5: =A5&"|"&H5 -> Bank|11
A6: Bank | B6: AXISBANK | C6: 1152.8 | D6: 1140.2 | E6: 1121.4 | F6: 1163.55 | G6: =IFERROR(IF('Sector Summary'!$B$1="Daily",F6/C6-1,IF('Sector Summary'!$B$1="Weekly",F6/D6-1,F6/E6-1)),"") -> 0.0093251214 | H6: =IFERROR(SUMPRODUCT(($A$2:$A$13=A6)*($G$2:$G$13>G6))+1,"") -> 9 | I6: =A6&"|"&H6 -> Bank|9
A7: Bank | B7: INDUSINDBK | C7: 1012.4 | D7: 1035.6 | E7: 1078.2 | F7: 998.1 | G7: =IFERROR(IF('Sector Summary'!$B$1="Daily",F7/C7-1,IF('Sector Summary'!$B$1="Weekly",F7/D7-1,F7/E7-1)),"") -> -0.014124852 | H7: =IFERROR(SUMPRODUCT(($A$2:$A$13=A7)*($G$2:$G$13>G7))+1,"") -> 12 | I7: =A7&"|"&H7 -> Bank|12
A8: Bank | B8: BANKBARODA | C8: 238.15 | D8: 234.8 | E8: 229.4 | F8: 240.9 | G8: =IFERROR(IF('Sector Summary'!$B$1="Daily",F8/C8-1,IF('Sector Summary'!$B$1="Weekly",F8/D8-1,F8/E8-1)),"") -> 0.011547344 | H8: =IFERROR(SUMPRODUCT(($A$2:$A$13=A8)*($G$2:$G$13>G8))+1,"") -> 5 | I8: =A8&"|"&H8 -> Bank|5
A9: Bank | B9: PNB | C9: 102.35 | D9: 100.9 | E9: 98.6 | F9: 103.75 | G9: =IFERROR(IF('Sector Summary'!$B$1="Daily",F9/C9-1,IF('Sector Summary'!$B$1="Weekly",F9/D9-1,F9/E9-1)),"") -> 0.013678554 | H9: =IFERROR(SUMPRODUCT(($A$2:$A$13=A9)*($G$2:$G$13>G9))+1,"") -> 1 | I9: =A9&"|"&H9 -> Bank|1
A10: Bank | B10: IDFCFIRSTB | C10: 72.4 | D10: 71.2 | E10: 69.8 | F10: 73.1 | G10: =IFERROR(IF('Sector Summary'!$B$1="Daily",F10/C10-1,IF('Sector Summary'!$B$1="Weekly",F10/D10-1,F10/E10-1)),"") -> 0.0096685083 | H10: =IFERROR(SUMPRODUCT(($A$2:$A$13=A10)*($G$2:$G$13>G10))+1,"") -> 8 | I10: =A10&"|"&H10 -> Bank|8
A11: Bank | B11: AUBANK | C11: 642.5 | D11: 635.1 | E11: 621.3 | F11: 651.2 | G11: =IFERROR(IF('Sector Summary'!$B$1="Daily",F11/C11-1,IF('Sector Summary'!$B$1="Weekly",F11/D11-1,F11/E11-1)),"") -> 0.013540856 | H11: =IFERROR(SUMPRODUCT(($A$2:$A$13=A11)*($G$2:$G$13>G11))+1,"") -> 2 | I11: =A11&"|"&H11 -> Bank|2
A12: Bank | B12: FEDERALBNK | C12: 196.7 | D12: 193.4 | E12: 189.1 | F12: 199.3 | G12: =IFERROR(IF('Sector Summary'!$B$1="Daily",F12/C12-1,IF('Sector Summary'!$B$1="Weekly",F12/D12-1,F12/E12-1)),"") -> 0.013218099 | H12: =IFERROR(SUMPRODUCT(($A$2:$A$13=A12)*($G$2:$G$13>G12))+1,"") -> 3 | I12: =A12&"|"&H12 -> Bank|3
A13: Bank | B13: CANBK | C13: 98.6 | D13: 96.8 | E13: 94.2 | F13: 99.9 | G13: =IFERROR(IF('Sector Summary'!$B$1="Daily",F13/C13-1,IF('Sector Summary'!$B$1="Weekly",F13/D13-1,F13/E13-1)),"") -> 0.013184584 | H13: =IFERROR(SUMPRODUCT(($A$2:$A$13=A13)*($G$2:$G$13>G13))+1,"") -> 4 | I13: =A13&"|"&H13 -> Bank|4
A14: IT | B14: TCS | C14: 0 | D14: 0 | E14: 0 | F14: 0 | G14: =IFERROR(IF('Sector Summary'!$B$1="Daily",F14/C14-1,IF('Sector Summary'!$B$1="Weekly",F14/D14-1,F14/E14-1)),"") | H14: =IFERROR(SUMPRODUCT(($A$14:$A$23=A14)*($G$14:$G$23>G14))+1,"") -> 1 | I14: =A14&"|"&H14 -> IT|1
A15: IT | B15: INFY | C15: 0 | D15: 0 | E15: 0 | F15: 0 | G15: =IFERROR(IF('Sector Summary'!$B$1="Daily",F15/C15-1,IF('Sector Summary'!$B$1="Weekly",F15/D15-1,F15/E15-1)),"") | H15: =IFERROR(SUMPRODUCT(($A$14:$A$23=A15)*($G$14:$G$23>G15))+1,"") -> 1 | I15: =A15&"|"&H15 -> IT|1
A16: IT | B16: HCLTECH | C16: 0 | D16: 0 | E16: 0 | F16: 0 | G16: =IFERROR(IF('Sector Summary'!$B$1="Daily",F16/C16-1,IF('Sector Summary'!$B$1="Weekly",F16/D16-1,F16/E16-1)),"") | H16: =IFERROR(SUMPRODUCT(($A$14:$A$23=A16)*($G$14:$G$23>G16))+1,"") -> 1 | I16: =A16&"|"&H16 -> IT|1
A17: IT | B17: WIPRO | C17: 0 | D17: 0 | E17: 0 | F17: 0 | G17: =IFERROR(IF('Sector Summary'!$B$1="Daily",F17/C17-1,IF('Sector Summary'!$B$1="Weekly",F17/D17-1,F17/E17-1)),"") | H17: =IFERROR(SUMPRODUCT(($A$14:$A$23=A17)*($G$14:$G$23>G17))+1,"") -> 1 | I17: =A17&"|"&H17 -> IT|1
A18: IT | B18: TECHM | C18: 0 | D18: 0 | E18: 0 | F18: 0 | G18: =IFERROR(IF('Sector Summary'!$B$1="Daily",F18/C18-1,IF('Sector Summary'!$B$1="Weekly",F18/D18-1,F18/E18-1)),"") | H18: =IFERROR(SUMPRODUCT(($A$14:$A$23=A18)*($G$14:$G$23>G18))+1,"") -> 1 | I18: =A18&"|"&H18 -> IT|1
A19: IT | B19: LTIM | C19: 0 | D19: 0 | E19: 0 | F19: 0 | G19: =IFERROR(IF('Sector Summary'!$B$1="Daily",F19/C19-1,IF('Sector Summary'!$B$1="Weekly",F19/D19-1,F19/E19-1)),"") | H19: =IFERROR(SUMPRODUCT(($A$14:$A$23=A19)*($G$14:$G$23>G19))+1,"") -> 1 | I19: =A19&"|"&H19 -> IT|1
A20: IT | B20: PERSISTENT | C20: 0 | D20: 0 | E20: 0 | F20: 0 | G20: =IFERROR(IF('Sector Summary'!$B$1="Daily",F20/C20-1,IF('Sector Summary'!$B$1="Weekly",F20/D20-1,F20/E20-1)),"") | H20: =IFERROR(SUMPRODUCT(($A$14:$A$23=A20)*($G$14:$G$23>G20))+1,"") -> 1 | I20: =A20&"|"&H20 -> IT|1
A21: IT | B21: COFORGE | C21: 0 | D21: 0 | E21: 0 | F21: 0 | G21: =IFERROR(IF('Sector Summary'!$B$1="Daily",F21/C21-1,IF('Sector Summary'!$B$1="Weekly",F21/D21-1,F21/E21-1)),"") | H21: =IFERROR(SUMPRODUCT(($A$14:$A$23=A21)*($G$14:$G$23>G21))+1,"") -> 1 | I21: =A21&"|"&H21 -> IT|1
A22: IT | B22: MPHASIS | C22: 0 | D22: 0 | E22: 0 | F22: 0 | G22: =IFERROR(IF('Sector Summary'!$B$1="Daily",F22/C22-1,IF('Sector Summary'!$B$1="Weekly",F22/D22-1,F22/E22-1)),"") | H22: =IFERROR(SUMPRODUCT(($A$14:$A$23=A22)*($G$14:$G$23>G22))+1,"") -> 1 | I22: =A22&"|"&H22 -> IT|1
A23: IT | B23: LTTS | C23: 0 | D23: 0 | E23: 0 | F23: 0 | G23: =IFERROR(IF('Sector Summary'!$B$1="Daily",F23/C23-1,IF('Sector Summary'!$B$1="Weekly",F23/D23-1,F23/E23-1)),"") | H23: =IFERROR(SUMPRODUCT(($A$14:$A$23=A23)*($G$14:$G$23>G23))+1,"") -> 1 | I23: =A23&"|"&H23 -> IT|1
A24: Auto | B24: MARUTI | C24: 0 | D24: 0 | E24: 0 | F24: 0 | G24: =IFERROR(IF('Sector Summary'!$B$1="Daily",F24/C24-1,IF('Sector Summary'!$B$1="Weekly",F24/D24-1,F24/E24-1)),"") | H24: =IFERROR(SUMPRODUCT(($A$24:$A$35=A24)*($G$24:$G$35>G24))+1,"") -> 1 | I24: =A24&"|"&H24 -> Auto|1
A25: Auto | B25: M&M | C25: 0 | D25: 0 | E25: 0 | F25: 0 | G25: =IFERROR(IF('Sector Summary'!$B$1="Daily",F25/C25-1,IF('Sector Summary'!$B$1="Weekly",F25/D25-1,F25/E25-1)),"") | H25: =IFERROR(SUMPRODUCT(($A$24:$A$35=A25)*($G$24:$G$35>G25))+1,"") -> 1 | I25: =A25&"|"&H25 -> Auto|1
A26: Auto | B26: TATAMOTORS | C26: 0 | D26: 0 | E26: 0 | F26: 0 | G26: =IFERROR(IF('Sector Summary'!$B$1="Daily",F26/C26-1,IF('Sector Summary'!$B$1="Weekly",F26/D26-1,F26/E26-1)),"") | H26: =IFERROR(SUMPRODUCT(($A$24:$A$35=A26)*($G$24:$G$35>G26))+1,"") -> 1 | I26: =A26&"|"&H26 -> Auto|1
A27: Auto | B27: BAJAJ-AUTO | C27: 0 | D27: 0 | E27: 0 | F27: 0 | G27: =IFERROR(IF('Sector Summary'!$B$1="Daily",F27/C27-1,IF('Sector Summary'!$B$1="Weekly",F27/D27-1,F27/E27-1)),"") | H27: =IFERROR(SUMPRODUCT(($A$24:$A$35=A27)*($G$24:$G$35>G27))+1,"") -> 1 | I27: =A27&"|"&H27 -> Auto|1
A28: Auto | B28: EICHERMOT | C28: 0 | D28: 0 | E28: 0 | F28: 0 | G28: =IFERROR(IF('Sector Summary'!$B$1="Daily",F28/C28-1,IF('Sector Summary'!$B$1="Weekly",F28/D28-1,F28/E28-1)),"") | H28: =IFERROR(SUMPRODUCT(($A$24:$A$35=A28)*($G$24:$G$35>G28))+1,"") -> 1 | I28: =A28&"|"&H28 -> Auto|1
A29: Auto | B29: HEROMOTOCO | C29: 0 | D29: 0 | E29: 0 | F29: 0 | G29: =IFERROR(IF('Sector Summary'!$B$1="Daily",F29/C29-1,IF('Sector Summary'!$B$1="Weekly",F29/D29-1,F29/E29-1)),"") | H29: =IFERROR(SUMPRODUCT(($A$24:$A$35=A29)*($G$24:$G$35>G29))+1,"") -> 1 | I29: =A29&"|"&H29 -> Auto|1
A30: Auto | B30: TVSMOTOR | C30: 0 | D30: 0 | E30: 0 | F30: 0 | G30: =IFERROR(IF('Sector Summary'!$B$1="Daily",F30/C30-1,IF('Sector Summary'!$B$1="Weekly",F30/D30-1,F30/E30-1)),"") | H30: =IFERROR(SUMPRODUCT(($A$24:$A$35=A30)*($G$24:$G$35>G30))+1,"") -> 1 | I30: =A30&"|"&H30 -> Auto|1
A31: Auto | B31: ASHOKLEY | C31: 0 | D31: 0 | E31: 0 | F31: 0 | G31: =IFERROR(IF('Sector Summary'!$B$1="Daily",F31/C31-1,IF('Sector Summary'!$B$1="Weekly",F31/D31-1,F31/E31-1)),"") | H31: =IFERROR(SUMPRODUCT(($A$24:$A$35=A31)*($G$24:$G$35>G31))+1,"") -> 1 | I31: =A31&"|"&H31 -> Auto|1
A32: Auto | B32: BHARATFORG | C32: 0 | D32: 0 | E32: 0 | F32: 0 | G32: =IFERROR(IF('Sector Summary'!$B$1="Daily",F32/C32-1,IF('Sector Summary'!$B$1="Weekly",F32/D32-1,F32/E32-1)),"") | H32: =IFERROR(SUMPRODUCT(($A$24:$A$35=A32)*($G$24:$G$35>G32))+1,"") -> 1 | I32: =A32&"|"&H32 -> Auto|1
A33: Auto | B33: MRF | C33: 0 | D33: 0 | E33: 0 | F33: 0 | G33: =IFERROR(IF('Sector Summary'!$B$1="Daily",F33/C33-1,IF('Sector Summary'!$B$1="Weekly",F33/D33-1,F33/E33-1)),"") | H33: =IFERROR(SUMPRODUCT(($A$24:$A$35=A33)*($G$24:$G$35>G33))+1,"") -> 1 | I33: =A33&"|"&H33 -> Auto|1
A34: Auto | B34: BOSCHLTD | C34: 0 | D34: 0 | E34: 0 | F34: 0 | G34: =IFERROR(IF('Sector Summary'!$B$1="Daily",F34/C34-1,IF('Sector Summary'!$B$1="Weekly",F34/D34-1,F34/E34-1)),"") | H34: =IFERROR(SUMPRODUCT(($A$24:$A$35=A34)*($G$24:$G$35>G34))+1,"") -> 1 | I34: =A34&"|"&H34 -> Auto|1
A35: Auto | B35: BALKRISIND | C35: 0 | D35: 0 | E35: 0 | F35: 0 | G35: =IFERROR(IF('Sector Summary'!$B$1="Daily",F35/C35-1,IF('Sector Summary'!$B$1="Weekly",F35/D35-1,F35/E35-1)),"") | H35: =IFERROR(SUMPRODUCT(($A$24:$A$35=A35)*($G$24:$G$35>G35))+1,"") -> 1 | I35: =A35&"|"&H35 -> Auto|1
A36: Pharma | B36: SUNPHARMA | C36: 0 | D36: 0 | E36: 0 | F36: 0 | G36: =IFERROR(IF('Sector Summary'!$B$1="Daily",F36/C36-1,IF('Sector Summary'!$B$1="Weekly",F36/D36-1,F36/E36-1)),"") | H36: =IFERROR(SUMPRODUCT(($A$36:$A$47=A36)*($G$36:$G$47>G36))+1,"") -> 1 | I36: =A36&"|"&H36 -> Pharma|1
A37: Pharma | B37: DRREDDY | C37: 0 | D37: 0 | E37: 0 | F37: 0 | G37: =IFERROR(IF('Sector Summary'!$B$1="Daily",F37/C37-1,IF('Sector Summary'!$B$1="Weekly",F37/D37-1,F37/E37-1)),"") | H37: =IFERROR(SUMPRODUCT(($A$36:$A$47=A37)*($G$36:$G$47>G37))+1,"") -> 1 | I37: =A37&"|"&H37 -> Pharma|1
A38: Pharma | B38: CIPLA | C38: 0 | D38: 0 | E38: 0 | F38: 0 | G38: =IFERROR(IF('Sector Summary'!$B$1="Daily",F38/C38-1,IF('Sector Summary'!$B$1="Weekly",F38/D38-1,F38/E38-1)),"") | H38: =IFERROR(SUMPRODUCT(($A$36:$A$47=A38)*($G$36:$G$47>G38))+1,"") -> 1 | I38: =A38&"|"&H38 -> Pharma|1
A39: Pharma | B39: DIVISLAB | C39: 0 | D39: 0 | E39: 0 | F39: 0 | G39: =IFERROR(IF('Sector Summary'!$B$1="Daily",F39/C39-1,IF('Sector Summary'!$B$1="Weekly",F39/D39-1,F39/E39-1)),"") | H39: =IFERROR(SUMPRODUCT(($A$36:$A$47=A39)*($G$36:$G$47>G39))+1,"") -> 1 | I39: =A39&"|"&H39 -> Pharma|1
A40: Pharma | B40: LUPIN | C40: 0 | D40: 0 | E40: 0 | F40: 0 | G40: =IFERROR(IF('Sector Summary'!$B$1="Daily",F40/C40-1,IF('Sector Summary'!$B$1="Weekly",F40/D40-1,F40/E40-1)),"") | H40: =IFERROR(SUMPRODUCT(($A$36:$A$47=A40)*($G$36:$G$47>G40))+1,"") -> 1 | I40: =A40&"|"&H40 -> Pharma|1
A41: Pharma | B41: AUROPHARMA | C41: 0 | D41: 0 | E41: 0 | F41: 0 | G41: =IFERROR(IF('Sector Summary'!$B$1="Daily",F41/C41-1,IF('Sector Summary'!$B$1="Weekly",F41/D41-1,F41/E41-1)),"") | H41: =IFERROR(SUMPRODUCT(($A$36:$A$47=A41)*($G$36:$G$47>G41))+1,"") -> 1 | I41: =A41&"|"&H41 -> Pharma|1
A42: Pharma | B42: TORNTPHARM | C42: 0 | D42: 0 | E42: 0 | F42: 0 | G42: =IFERROR(IF('Sector Summary'!$B$1="Daily",F42/C42-1,IF('Sector Summary'!$B$1="Weekly",F42/D42-1,F42/E42-1)),"") | H42: =IFERROR(SUMPRODUCT(($A$36:$A$47=A42)*($G$36:$G$47>G42))+1,"") -> 1 | I42: =A42&"|"&H42 -> Pharma|1
A43: Pharma | B43: ZYDUSLIFE | C43: 0 | D43: 0 | E43: 0 | F43: 0 | G43: =IFERROR(IF('Sector Summary'!$B$1="Daily",F43/C43-1,IF('Sector Summary'!$B$1="Weekly",F43/D43-1,F43/E43-1)),"") | H43: =IFERROR(SUMPRODUCT(($A$36:$A$47=A43)*($G$36:$G$47>G43))+1,"") -> 1 | I43: =A43&"|"&H43 -> Pharma|1
A44: Pharma | B44: ALKEM | C44: 0 | D44: 0 | E44: 0 | F44: 0 | G44: =IFERROR(IF('Sector Summary'!$B$1="Daily",F44/C44-1,IF('Sector Summary'!$B$1="Weekly",F44/D44-1,F44/E44-1)),"") | H44: =IFERROR(SUMPRODUCT(($A$36:$A$47=A44)*($G$36:$G$47>G44))+1,"") -> 1 | I44: =A44&"|"&H44 -> Pharma|1
A45: Pharma | B45: BIOCON | C45: 0 | D45: 0 | E45: 0 | F45: 0 | G45: =IFERROR(IF('Sector Summary'!$B$1="Daily",F45/C45-1,IF('Sector Summary'!$B$1="Weekly",F45/D45-1,F45/E45-1)),"") | H45: =IFERROR(SUMPRODUCT(($A$36:$A$47=A45)*($G$36:$G$47>G45))+1,"") -> 1 | I45: =A45&"|"&H45 -> Pharma|1
A46: Pharma | B46: GLENMARK | C46: 0 | D46: 0 | E46: 0 | F46: 0 | G46: =IFERROR(IF('Sector Summary'!$B$1="Daily",F46/C46-1,IF('Sector Summary'!$B$1="Weekly",F46/D46-1,F46/E46-1)),"") | H46: =IFERROR(SUMPRODUCT(($A$36:$A$47=A46)*($G$36:$G$47>G46))+1,"") -> 1 | I46: =A46&"|"&H46 -> Pharma|1
A47: Pharma | B47: LAURUSLABS | C47: 0 | D47: 0 | E47: 0 | F47: 0 | G47: =IFERROR(IF('Sector Summary'!$B$1="Daily",F47/C47-1,IF('Sector Summary'!$B$1="Weekly",F47/D47-1,F47/E47-1)),"") | H47: =IFERROR(SUMPRODUCT(($A$36:$A$47=A47)*($G$36:$G$47>G47))+1,"") -> 1 | I47: =A47&"|"&H47 -> Pharma|1
A48: FMCG | B48: HINDUNILVR | C48: 0 | D48: 0 | E48: 0 | F48: 0 | G48: =IFERROR(IF('Sector Summary'!$B$1="Daily",F48/C48-1,IF('Sector Summary'!$B$1="Weekly",F48/D48-1,F48/E48-1)),"") | H48: =IFERROR(SUMPRODUCT(($A$48:$A$58=A48)*($G$48:$G$58>G48))+1,"") -> 1 | I48: =A48&"|"&H48 -> FMCG|1
A49: FMCG | B49: ITC | C49: 0 | D49: 0 | E49: 0 | F49: 0 | G49: =IFERROR(IF('Sector Summary'!$B$1="Daily",F49/C49-1,IF('Sector Summary'!$B$1="Weekly",F49/D49-1,F49/E49-1)),"") | H49: =IFERROR(SUMPRODUCT(($A$48:$A$58=A49)*($G$48:$G$58>G49))+1,"") -> 1 | I49: =A49&"|"&H49 -> FMCG|1
A50: FMCG | B50: NESTLEIND | C50: 0 | D50: 0 | E50: 0 | F50: 0 | G50: =IFERROR(IF('Sector Summary'!$B$1="Daily",F50/C50-1,IF('Sector Summary'!$B$1="Weekly",F50/D50-1,F50/E50-1)),"") | H50: =IFERROR(SUMPRODUCT(($A$48:$A$58=A50)*($G$48:$G$58>G50))+1,"") -> 1 | I50: =A50&"|"&H50 -> FMCG|1
A51: FMCG | B51: BRITANNIA | C51: 0 | D51: 0 | E51: 0 | F51: 0 | G51: =IFERROR(IF('Sector Summary'!$B$1="Daily",F51/C51-1,IF('Sector Summary'!$B$1="Weekly",F51/D51-1,F51/E51-1)),"") | H51: =IFERROR(SUMPRODUCT(($A$48:$A$58=A51)*($G$48:$G$58>G51))+1,"") -> 1 | I51: =A51&"|"&H51 -> FMCG|1
A52: FMCG | B52: TATACONSUM | C52: 0 | D52: 0 | E52: 0 | F52: 0 | G52: =IFERROR(IF('Sector Summary'!$B$1="Daily",F52/C52-1,IF('Sector Summary'!$B$1="Weekly",F52/D52-1,F52/E52-1)),"") | H52: =IFERROR(SUMPRODUCT(($A$48:$A$58=A52)*($G$48:$G$58>G52))+1,"") -> 1 | I52: =A52&"|"&H52 -> FMCG|1
A53: FMCG | B53: DABUR | C53: 0 | D53: 0 | E53: 0 | F53: 0 | G53: =IFERROR(IF('Sector Summary'!$B$1="Daily",F53/C53-1,IF('Sector Summary'!$B$1="Weekly",F53/D53-1,F53/E53-1)),"") | H53: =IFERROR(SUMPRODUCT(($A$48:$A$58=A53)*($G$48:$G$58>G53))+1,"") -> 1 | I53: =A53&"|"&H53 -> FMCG|1
A54: FMCG | B54: GODREJCP | C54: 0 | D54: 0 | E54: 0 | F54: 0 | G54: =IFERROR(IF('Sector Summary'!$B$1="Daily",F54/C54-1,IF('Sector Summary'!$B$1="Weekly",F54/D54-1,F54/E54-1)),"") | H54: =IFERROR(SUMPRODUCT(($A$48:$A$58=A54)*($G$48:$G$58>G54))+1,"") -> 1 | I54: =A54&"|"&H54 -> FMCG|1
A55: FMCG | B55: MARICO | C55: 0 | D55: 0 | E55: 0 | F55: 0 | G55: =IFERROR(IF('Sector Summary'!$B$1="Daily",F55/C55-1,IF('Sector Summary'!$B$1="Weekly",F55/D55-1,F55/E55-1)),"") | H55: =IFERROR(SUMPRODUCT(($A$48:$A$58=A55)*($G$48:$G$58>G55))+1,"") -> 1 | I55: =A55&"|"&H55 -> FMCG|1
A56: FMCG | B56: COLPAL | C56: 0 | D56: 0 | E56: 0 | F56: 0 | G56: =IFERROR(IF('Sector Summary'!$B$1="Daily",F56/C56-1,IF('Sector Summary'!$B$1="Weekly",F56/D56-1,F56/E56-1)),"") | H56: =IFERROR(SUMPRODUCT(($A$48:$A$58=A56)*($G$48:$G$58>G56))+1,"") -> 1 | I56: =A56&"|"&H56 -> FMCG|1
A57: FMCG | B57: UBL | C57: 0 | D57: 0 | E57: 0 | F57: 0 | G57: =IFERROR(IF('Sector Summary'!$B$1="Daily",F57/C57-1,IF('Sector Summary'!$B$1="Weekly",F57/D57-1,F57/E57-1)),"") | H57: =IFERROR(SUMPRODUCT(($A$48:$A$58=A57)*($G$48:$G$58>G57))+1,"") -> 1 | I57: =A57&"|"&H57 -> FMCG|1
A58: FMCG | B58: VBL | C58: 0 | D58: 0 | E58: 0 | F58: 0 | G58: =IFERROR(IF('Sector Summary'!$B$1="Daily",F58/C58-1,IF('Sector Summary'!$B$1="Weekly",F58/D58-1,F58/E58-1)),"") | H58: =IFERROR(SUMPRODUCT(($A$48:$A$58=A58)*($G$48:$G$58>G58))+1,"") -> 1 | I58: =A58&"|"&H58 -> FMCG|1
A59: Metal | B59: TATASTEEL | C59: 0 | D59: 0 | E59: 0 | F59: 0 | G59: =IFERROR(IF('Sector Summary'!$B$1="Daily",F59/C59-1,IF('Sector Summary'!$B$1="Weekly",F59/D59-1,F59/E59-1)),"") | H59: =IFERROR(SUMPRODUCT(($A$59:$A$68=A59)*($G$59:$G$68>G59))+1,"") -> 1 | I59: =A59&"|"&H59 -> Metal|1
A60: Metal | B60: JSWSTEEL | C60: 0 | D60: 0 | E60: 0 | F60: 0 | G60: =IFERROR(IF('Sector Summary'!$B$1="Daily",F60/C60-1,IF('Sector Summary'!$B$1="Weekly",F60/D60-1,F60/E60-1)),"") | H60: =IFERROR(SUMPRODUCT(($A$59:$A$68=A60)*($G$59:$G$68>G60))+1,"") -> 1 | I60: =A60&"|"&H60 -> Metal|1
A61: Metal | B61: HINDALCO | C61: 0 | D61: 0 | E61: 0 | F61: 0 | G61: =IFERROR(IF('Sector Summary'!$B$1="Daily",F61/C61-1,IF('Sector Summary'!$B$1="Weekly",F61/D61-1,F61/E61-1)),"") | H61: =IFERROR(SUMPRODUCT(($A$59:$A$68=A61)*($G$59:$G$68>G61))+1,"") -> 1 | I61: =A61&"|"&H61 -> Metal|1
A62: Metal | B62: VEDL | C62: 0 | D62: 0 | E62: 0 | F62: 0 | G62: =IFERROR(IF('Sector Summary'!$B$1="Daily",F62/C62-1,IF('Sector Summary'!$B$1="Weekly",F62/D62-1,F62/E62-1)),"") | H62: =IFERROR(SUMPRODUCT(($A$59:$A$68=A62)*($G$59:$G$68>G62))+1,"") -> 1 | I62: =A62&"|"&H62 -> Metal|1
A63: Metal | B63: JINDALSTEL | C63: 0 | D63: 0 | E63: 0 | F63: 0 | G63: =IFERROR(IF('Sector Summary'!$B$1="Daily",F63/C63-1,IF('Sector Summary'!$B$1="Weekly",F63/D63-1,F63/E63-1)),"") | H63: =IFERROR(SUMPRODUCT(($A$59:$A$68=A63)*($G$59:$G$68>G63))+1,"") -> 1 | I63: =A63&"|"&H63 -> Metal|1
A64: Metal | B64: SAIL | C64: 0 | D64: 0 | E64: 0 | F64: 0 | G64: =IFERROR(IF('Sector Summary'!$B$1="Daily",F64/C64-1,IF('Sector Summary'!$B$1="Weekly",F64/D64-1,F64/E64-1)),"") | H64: =IFERROR(SUMPRODUCT(($A$59:$A$68=A64)*($G$59:$G$68>G64))+1,"") -> 1 | I64: =A64&"|"&H64 -> Metal|1
A65: Metal | B65: NMDC | C65: 0 | D65: 0 | E65: 0 | F65: 0 | G65: =IFERROR(IF('Sector Summary'!$B$1="Daily",F65/C65-1,IF('Sector Summary'!$B$1="Weekly",F65/D65-1,F65/E65-1)),"") | H65: =IFERROR(SUMPRODUCT(($A$59:$A$68=A65)*($G$59:$G$68>G65))+1,"") -> 1 | I65: =A65&"|"&H65 -> Metal|1
A66: Metal | B66: HINDCOPPER | C66: 0 | D66: 0 | E66: 0 | F66: 0 | G66: =IFERROR(IF('Sector Summary'!$B$1="Daily",F66/C66-1,IF('Sector Summary'!$B$1="Weekly",F66/D66-1,F66/E66-1)),"") | H66: =IFERROR(SUMPRODUCT(($A$59:$A$68=A66)*($G$59:$G$68>G66))+1,"") -> 1 | I66: =A66&"|"&H66 -> Metal|1
A67: Metal | B67: NATIONALUM | C67: 0 | D67: 0 | E67: 0 | F67: 0 | G67: =IFERROR(IF('Sector Summary'!$B$1="Daily",F67/C67-1,IF('Sector Summary'!$B$1="Weekly",F67/D67-1,F67/E67-1)),"") | H67: =IFERROR(SUMPRODUCT(($A$59:$A$68=A67)*($G$59:$G$68>G67))+1,"") -> 1 | I67: =A67&"|"&H67 -> Metal|1
A68: Metal | B68: APLAPOLLO | C68: 0 | D68: 0 | E68: 0 | F68: 0 | G68: =IFERROR(IF('Sector Summary'!$B$1="Daily",F68/C68-1,IF('Sector Summary'!$B$1="Weekly",F68/D68-1,F68/E68-1)),"") | H68: =IFERROR(SUMPRODUCT(($A$59:$A$68=A68)*($G$59:$G$68>G68))+1,"") -> 1 | I68: =A68&"|"&H68 -> Metal|1
A69: Energy | B69: RELIANCE | C69: 0 | D69: 0 | E69: 0 | F69: 0 | G69: =IFERROR(IF('Sector Summary'!$B$1="Daily",F69/C69-1,IF('Sector Summary'!$B$1="Weekly",F69/D69-1,F69/E69-1)),"") | H69: =IFERROR(SUMPRODUCT(($A$69:$A$78=A69)*($G$69:$G$78>G69))+1,"") -> 1 | I69: =A69&"|"&H69 -> Energy|1
A70: Energy | B70: ONGC | C70: 0 | D70: 0 | E70: 0 | F70: 0 | G70: =IFERROR(IF('Sector Summary'!$B$1="Daily",F70/C70-1,IF('Sector Summary'!$B$1="Weekly",F70/D70-1,F70/E70-1)),"") | H70: =IFERROR(SUMPRODUCT(($A$69:$A$78=A70)*($G$69:$G$78>G70))+1,"") -> 1 | I70: =A70&"|"&H70 -> Energy|1
A71: Energy | B71: NTPC | C71: 0 | D71: 0 | E71: 0 | F71: 0 | G71: =IFERROR(IF('Sector Summary'!$B$1="Daily",F71/C71-1,IF('Sector Summary'!$B$1="Weekly",F71/D71-1,F71/E71-1)),"") | H71: =IFERROR(SUMPRODUCT(($A$69:$A$78=A71)*($G$69:$G$78>G71))+1,"") -> 1 | I71: =A71&"|"&H71 -> Energy|1
A72: Energy | B72: POWERGRID | C72: 0 | D72: 0 | E72: 0 | F72: 0 | G72: =IFERROR(IF('Sector Summary'!$B$1="Daily",F72/C72-1,IF('Sector Summary'!$B$1="Weekly",F72/D72-1,F72/E72-1)),"") | H72: =IFERROR(SUMPRODUCT(($A$69:$A$78=A72)*($G$69:$G$78>G72))+1,"") -> 1 | I72: =A72&"|"&H72 -> Energy|1
A73: Energy | B73: COALINDIA | C73: 0 | D73: 0 | E73: 0 | F73: 0 | G73: =IFERROR(IF('Sector Summary'!$B$1="Daily",F73/C73-1,IF('Sector Summary'!$B$1="Weekly",F73/D73-1,F73/E73-1)),"") | H73: =IFERROR(SUMPRODUCT(($A$69:$A$78=A73)*($G$69:$G$78>G73))+1,"") -> 1 | I73: =A73&"|"&H73 -> Energy|1
A74: Energy | B74: BPCL | C74: 0 | D74: 0 | E74: 0 | F74: 0 | G74: =IFERROR(IF('Sector Summary'!$B$1="Daily",F74/C74-1,IF('Sector Summary'!$B$1="Weekly",F74/D74-1,F74/E74-1)),"") | H74: =IFERROR(SUMPRODUCT(($A$69:$A$78=A74)*($G$69:$G$78>G74))+1,"") -> 1 | I74: =A74&"|"&H74 -> Energy|1
A75: Energy | B75: IOC | C75: 0 | D75: 0 | E75: 0 | F75: 0 | G75: =IFERROR(IF('Sector Summary'!$B$1="Daily",F75/C75-1,IF('Sector Summary'!$B$1="Weekly",F75/D75-1,F75/E75-1)),"") | H75: =IFERROR(SUMPRODUCT(($A$69:$A$78=A75)*($G$69:$G$78>G75))+1,"") -> 1 | I75: =A75&"|"&H75 -> Energy|1
A76: Energy | B76: GAIL | C76: 0 | D76: 0 | E76: 0 | F76: 0 | G76: =IFERROR(IF('Sector Summary'!$B$1="Daily",F76/C76-1,IF('Sector Summary'!$B$1="Weekly",F76/D76-1,F76/E76-1)),"") | H76: =IFERROR(SUMPRODUCT(($A$69:$A$78=A76)*($G$69:$G$78>G76))+1,"") -> 1 | I76: =A76&"|"&H76 -> Energy|1
A77: Energy | B77: TATAPOWER | C77: 0 | D77: 0 | E77: 0 | F77: 0 | G77: =IFERROR(IF('Sector Summary'!$B$1="Daily",F77/C77-1,IF('Sector Summary'!$B$1="Weekly",F77/D77-1,F77/E77-1)),"") | H77: =IFERROR(SUMPRODUCT(($A$69:$A$78=A77)*($G$69:$G$78>G77))+1,"") -> 1 | I77: =A77&"|"&H77 -> Energy|1
A78: Energy | B78: ADANIGREEN | C78: 0 | D78: 0 | E78: 0 | F78: 0 | G78: =IFERROR(IF('Sector Summary'!$B$1="Daily",F78/C78-1,IF('Sector Summary'!$B$1="Weekly",F78/D78-1,F78/E78-1)),"") | H78: =IFERROR(SUMPRODUCT(($A$69:$A$78=A78)*($G$69:$G$78>G78))+1,"") -> 1 | I78: =A78&"|"&H78 -> Energy|1
A79: Realty | B79: DLF | C79: 0 | D79: 0 | E79: 0 | F79: 0 | G79: =IFERROR(IF('Sector Summary'!$B$1="Daily",F79/C79-1,IF('Sector Summary'!$B$1="Weekly",F79/D79-1,F79/E79-1)),"") | H79: =IFERROR(SUMPRODUCT(($A$79:$A$86=A79)*($G$79:$G$86>G79))+1,"") -> 1 | I79: =A79&"|"&H79 -> Realty|1
A80: Realty | B80: GODREJPROP | C80: 0 | D80: 0 | E80: 0 | F80: 0 | G80: =IFERROR(IF('Sector Summary'!$B$1="Daily",F80/C80-1,IF('Sector Summary'!$B$1="Weekly",F80/D80-1,F80/E80-1)),"") | H80: =IFERROR(SUMPRODUCT(($A$79:$A$86=A80)*($G$79:$G$86>G80))+1,"") -> 1 | I80: =A80&"|"&H80 -> Realty|1
A81: Realty | B81: OBEROIRLTY | C81: 0 | D81: 0 | E81: 0 | F81: 0 | G81: =IFERROR(IF('Sector Summary'!$B$1="Daily",F81/C81-1,IF('Sector Summary'!$B$1="Weekly",F81/D81-1,F81/E81-1)),"") | H81: =IFERROR(SUMPRODUCT(($A$79:$A$86=A81)*($G$79:$G$86>G81))+1,"") -> 1 | I81: =A81&"|"&H81 -> Realty|1
A82: Realty | B82: PHOENIXLTD | C82: 0 | D82: 0 | E82: 0 | F82: 0 | G82: =IFERROR(IF('Sector Summary'!$B$1="Daily",F82/C82-1,IF('Sector Summary'!$B$1="Weekly",F82/D82-1,F82/E82-1)),"") | H82: =IFERROR(SUMPRODUCT(($A$79:$A$86=A82)*($G$79:$G$86>G82))+1,"") -> 1 | I82: =A82&"|"&H82 -> Realty|1
A83: Realty | B83: PRESTIGE | C83: 0 | D83: 0 | E83: 0 | F83: 0 | G83: =IFERROR(IF('Sector Summary'!$B$1="Daily",F83/C83-1,IF('Sector Summary'!$B$1="Weekly",F83/D83-1,F83/E83-1)),"") | H83: =IFERROR(SUMPRODUCT(($A$79:$A$86=A83)*($G$79:$G$86>G83))+1,"") -> 1 | I83: =A83&"|"&H83 -> Realty|1
A84: Realty | B84: LODHA | C84: 0 | D84: 0 | E84: 0 | F84: 0 | G84: =IFERROR(IF('Sector Summary'!$B$1="Daily",F84/C84-1,IF('Sector Summary'!$B$1="Weekly",F84/D84-1,F84/E84-1)),"") | H84: =IFERROR(SUMPRODUCT(($A$79:$A$86=A84)*($G$79:$G$86>G84))+1,"") -> 1 | I84: =A84&"|"&H84 -> Realty|1
A85: Realty | B85: BRIGADE | C85: 0 | D85: 0 | E85: 0 | F85: 0 | G85: =IFERROR(IF('Sector Summary'!$B$1="Daily",F85/C85-1,IF('Sector Summary'!$B$1="Weekly",F85/D85-1,F85/E85-1)),"") | H85: =IFERROR(SUMPRODUCT(($A$79:$A$86=A85)*($G$79:$G$86>G85))+1,"") -> 1 | I85: =A85&"|"&H85 -> Realty|1
A86: Realty | B86: SOBHA | C86: 0 | D86: 0 | E86: 0 | F86: 0 | G86: =IFERROR(IF('Sector Summary'!$B$1="Daily",F86/C86-1,IF('Sector Summary'!$B$1="Weekly",F86/D86-1,F86/E86-1)),"") | H86: =IFERROR(SUMPRODUCT(($A$79:$A$86=A86)*($G$79:$G$86>G86))+1,"") -> 1 | I86: =A86&"|"&H86 -> Realty|1
A87: Media | B87: ZEEL | C87: 0 | D87: 0 | E87: 0 | F87: 0 | G87: =IFERROR(IF('Sector Summary'!$B$1="Daily",F87/C87-1,IF('Sector Summary'!$B$1="Weekly",F87/D87-1,F87/E87-1)),"") | H87: =IFERROR(SUMPRODUCT(($A$87:$A$93=A87)*($G$87:$G$93>G87))+1,"") -> 1 | I87: =A87&"|"&H87 -> Media|1
A88: Media | B88: SUNTV | C88: 0 | D88: 0 | E88: 0 | F88: 0 | G88: =IFERROR(IF('Sector Summary'!$B$1="Daily",F88/C88-1,IF('Sector Summary'!$B$1="Weekly",F88/D88-1,F88/E88-1)),"") | H88: =IFERROR(SUMPRODUCT(($A$87:$A$93=A88)*($G$87:$G$93>G88))+1,"") -> 1 | I88: =A88&"|"&H88 -> Media|1
A89: Media | B89: PVRINOX | C89: 0 | D89: 0 | E89: 0 | F89: 0 | G89: =IFERROR(IF('Sector Summary'!$B$1="Daily",F89/C89-1,IF('Sector Summary'!$B$1="Weekly",F89/D89-1,F89/E89-1)),"") | H89: =IFERROR(SUMPRODUCT(($A$87:$A$93=A89)*($G$87:$G$93>G89))+1,"") -> 1 | I89: =A89&"|"&H89 -> Media|1
A90: Media | B90: NETWORK18 | C90: 0 | D90: 0 | E90: 0 | F90: 0 | G90: =IFERROR(IF('Sector Summary'!$B$1="Daily",F90/C90-1,IF('Sector Summary'!$B$1="Weekly",F90/D90-1,F90/E90-1)),"") | H90: =IFERROR(SUMPRODUCT(($A$87:$A$93=A90)*($G$87:$G$93>G90))+1,"") -> 1 | I90: =A90&"|"&H90 -> Media|1
A91: Media | B91: TV18BRDCST | C91: 0 | D91: 0 | E91: 0 | F91: 0 | G91: =IFERROR(IF('Sector Summary'!$B$1="Daily",F91/C91-1,IF('Sector Summary'!$B$1="Weekly",F91/D91-1,F91/E91-1)),"") | H91: =IFERROR(SUMPRODUCT(($A$87:$A$93=A91)*($G$87:$G$93>G91))+1,"") -> 1 | I91: =A91&"|"&H91 -> Media|1
A92: Media | B92: NAZARA | C92: 0 | D92: 0 | E92: 0 | F92: 0 | G92: =IFERROR(IF('Sector Summary'!$B$1="Daily",F92/C92-1,IF('Sector Summary'!$B$1="Weekly",F92/D92-1,F92/E92-1)),"") | H92: =IFERROR(SUMPRODUCT(($A$87:$A$93=A92)*($G$87:$G$93>G92))+1,"") -> 1 | I92: =A92&"|"&H92 -> Media|1
A93: Media | B93: SAREGAMA | C93: 0 | D93: 0 | E93: 0 | F93: 0 | G93: =IFERROR(IF('Sector Summary'!$B$1="Daily",F93/C93-1,IF('Sector Summary'!$B$1="Weekly",F93/D93-1,F93/E93-1)),"") | H93: =IFERROR(SUMPRODUCT(($A$87:$A$93=A93)*($G$87:$G$93>G93))+1,"") -> 1 | I93: =A93&"|"&H93 -> Media|1
A94: PSU Bank | B94: SBIN | C94: 0 | D94: 0 | E94: 0 | F94: 0 | G94: =IFERROR(IF('Sector Summary'!$B$1="Daily",F94/C94-1,IF('Sector Summary'!$B$1="Weekly",F94/D94-1,F94/E94-1)),"") | H94: =IFERROR(SUMPRODUCT(($A$94:$A$104=A94)*($G$94:$G$104>G94))+1,"") -> 1 | I94: =A94&"|"&H94 -> PSU Bank|1
A95: PSU Bank | B95: BANKBARODA | C95: 0 | D95: 0 | E95: 0 | F95: 0 | G95: =IFERROR(IF('Sector Summary'!$B$1="Daily",F95/C95-1,IF('Sector Summary'!$B$1="Weekly",F95/D95-1,F95/E95-1)),"") | H95: =IFERROR(SUMPRODUCT(($A$94:$A$104=A95)*($G$94:$G$104>G95))+1,"") -> 1 | I95: =A95&"|"&H95 -> PSU Bank|1
A96: PSU Bank | B96: PNB | C96: 0 | D96: 0 | E96: 0 | F96: 0 | G96: =IFERROR(IF('Sector Summary'!$B$1="Daily",F96/C96-1,IF('Sector Summary'!$B$1="Weekly",F96/D96-1,F96/E96-1)),"") | H96: =IFERROR(SUMPRODUCT(($A$94:$A$104=A96)*($G$94:$G$104>G96))+1,"") -> 1 | I96: =A96&"|"&H96 -> PSU Bank|1
A97: PSU Bank | B97: CANBK | C97: 0 | D97: 0 | E97: 0 | F97: 0 | G97: =IFERROR(IF('Sector Summary'!$B$1="Daily",F97/C97-1,IF('Sector Summary'!$B$1="Weekly",F97/D97-1,F97/E97-1)),"") | H97: =IFERROR(SUMPRODUCT(($A$94:$A$104=A97)*($G$94:$G$104>G97))+1,"") -> 1 | I97: =A97&"|"&H97 -> PSU Bank|1
A98: PSU Bank | B98: UNIONBANK | C98: 0 | D98: 0 | E98: 0 | F98: 0 | G98: =IFERROR(IF('Sector Summary'!$B$1="Daily",F98/C98-1,IF('Sector Summary'!$B$1="Weekly",F98/D98-1,F98/E98-1)),"") | H98: =IFERROR(SUMPRODUCT(($A$94:$A$104=A98)*($G$94:$G$104>G98))+1,"") -> 1 | I98: =A98&"|"&H98 -> PSU Bank|1
A99: PSU Bank | B99: INDIANB | C99: 0 | D99: 0 | E99: 0 | F99: 0 | G99: =IFERROR(IF('Sector Summary'!$B$1="Daily",F99/C99-1,IF('Sector Summary'!$B$1="Weekly",F99/D99-1,F99/E99-1)),"") | H99: =IFERROR(SUMPRODUCT(($A$94:$A$104=A99)*($G$94:$G$104>G99))+1,"") -> 1 | I99: =A99&"|"&H99 -> PSU Bank|1
A100: PSU Bank | B100: BANKINDIA | C100: 0 | D100: 0 | E100: 0 | F100: 0 | G100: =IFERROR(IF('Sector Summary'!$B$1="Daily",F100/C100-1,IF('Sector Summary'!$B$1="Weekly",F100/D100-1,F100/E100-1)),"") | H100: =IFERROR(SUMPRODUCT(($A$94:$A$104=A100)*($G$94:$G$104>G100))+1,"") -> 1 | I100: =A100&"|"&H100 -> PSU Bank|1
...

Sheet Drilldown
A1: Select Sector: | B1: Bank | C1: <- pick a sector (dropdown) | H1: TotalMembers
A2: Active Timeframe: | B2: ='Sector Summary'!$B$1 -> Daily | C2: <- set on 'Sector Summary' tab, shared everywhere | H2: =COUNTIF(Constituents!$A:$A,$B$1) -> 12
A4: Best performer: | B4: =IFERROR(INDEX(B9:B24,MATCH(1,A9:A24,0))&" ("&TEXT(INDEX(D9:D24,1),"0.00%")&")","") -> PNB (1.37%)
A5: Worst performer: | B5: =IFERROR(INDEX(B9:B24,MATCH($H$2,A9:A24,0))&" ("&TEXT(INDEX(D9:D24,MATCH($H$2,A9:A24,0)),"0.00%")&")","") -> INDUSINDBK (-1.41%)
A8: Rank | B8: Symbol | C8: LTP | D8: % Chg (Active)
A9: 1 | B9: =IFERROR(INDEX(Constituents!$B:$B,MATCH($B$1&"|"&A9,Constituents!$I:$I,0)),"") -> PNB | C9: =IFERROR(INDEX(Constituents!$F:$F,MATCH($B$1&"|"&A9,Constituents!$I:$I,0)),"") -> 103.75 | D9: =IFERROR(INDEX(Constituents!$G:$G,MATCH($B$1&"|"&A9,Constituents!$I:$I,0)),"") -> 0.013678554
A10: 2 | B10: =IFERROR(INDEX(Constituents!$B:$B,MATCH($B$1&"|"&A10,Constituents!$I:$I,0)),"") -> AUBANK | C10: =IFERROR(INDEX(Constituents!$F:$F,MATCH($B$1&"|"&A10,Constituents!$I:$I,0)),"") -> 651.2 | D10: =IFERROR(INDEX(Constituents!$G:$G,MATCH($B$1&"|"&A10,Constituents!$I:$I,0)),"") -> 0.013540856
A11: 3 | B11: =IFERROR(INDEX(Constituents!$B:$B,MATCH($B$1&"|"&A11,Constituents!$I:$I,0)),"") -> FEDERALBNK | C11: =IFERROR(INDEX(Constituents!$F:$F,MATCH($B$1&"|"&A11,Constituents!$I:$I,0)),"") -> 199.3 | D11: =IFERROR(INDEX(Constituents!$G:$G,MATCH($B$1&"|"&A11,Constituents!$I:$I,0)),"") -> 0.013218099
A12: 4 | B12: =IFERROR(INDEX(Constituents!$B:$B,MATCH($B$1&"|"&A12,Constituents!$I:$I,0)),"") -> CANBK | C12: =IFERROR(INDEX(Constituents!$F:$F,MATCH($B$1&"|"&A12,Constituents!$I:$I,0)),"") -> 99.9 | D12: =IFERROR(INDEX(Constituents!$G:$G,MATCH($B$1&"|"&A12,Constituents!$I:$I,0)),"") -> 0.013184584
A13: 5 | B13: =IFERROR(INDEX(Constituents!$B:$B,MATCH($B$1&"|"&A13,Constituents!$I:$I,0)),"") -> BANKBARODA | C13: =IFERROR(INDEX(Constituents!$F:$F,MATCH($B$1&"|"&A13,Constituents!$I:$I,0)),"") -> 240.9 | D13: =IFERROR(INDEX(Constituents!$G:$G,MATCH($B$1&"|"&A13,Constituents!$I:$I,0)),"") -> 0.011547344
A14: 6 | B14: =IFERROR(INDEX(Constituents!$B:$B,MATCH($B$1&"|"&A14,Constituents!$I:$I,0)),"") -> SBIN | C14: =IFERROR(INDEX(Constituents!$F:$F,MATCH($B$1&"|"&A14,Constituents!$I:$I,0)),"") -> 826.9 | D14: =IFERROR(INDEX(Constituents!$G:$G,MATCH($B$1&"|"&A14,Constituents!$I:$I,0)),"") -> 0.010447852
A15: 7 | B15: =IFERROR(INDEX(Constituents!$B:$B,MATCH($B$1&"|"&A15,Constituents!$I:$I,0)),"") -> ICICIBANK | C15: =IFERROR(INDEX(Constituents!$F:$F,MATCH($B$1&"|"&A15,Constituents!$I:$I,0)),"") -> 1223.6 | D15: =IFERROR(INDEX(Constituents!$G:$G,MATCH($B$1&"|"&A15,Constituents!$I:$I,0)),"") -> 0.010070992
A16: 8 | B16: =IFERROR(INDEX(Constituents!$B:$B,MATCH($B$1&"|"&A16,Constituents!$I:$I,0)),"") -> IDFCFIRSTB | C16: =IFERROR(INDEX(Constituents!$F:$F,MATCH($B$1&"|"&A16,Constituents!$I:$I,0)),"") -> 73.1 | D16: =IFERROR(INDEX(Constituents!$G:$G,MATCH($B$1&"|"&A16,Constituents!$I:$I,0)),"") -> 0.0096685083
A17: 9 | B17: =IFERROR(INDEX(Constituents!$B:$B,MATCH($B$1&"|"&A17,Constituents!$I:$I,0)),"") -> AXISBANK | C17: =IFERROR(INDEX(Constituents!$F:$F,MATCH($B$1&"|"&A17,Constituents!$I:$I,0)),"") -> 1163.55 | D17: =IFERROR(INDEX(Constituents!$G:$G,MATCH($B$1&"|"&A17,Constituents!$I:$I,0)),"") -> 0.0093251214
A18: 10 | B18: =IFERROR(INDEX(Constituents!$B:$B,MATCH($B$1&"|"&A18,Constituents!$I:$I,0)),"") -> HDFCBANK | C18: =IFERROR(INDEX(Constituents!$F:$F,MATCH($B$1&"|"&A18,Constituents!$I:$I,0)),"") -> 1657.85 | D18: =IFERROR(INDEX(Constituents!$G:$G,MATCH($B$1&"|"&A18,Constituents!$I:$I,0)),"") -> 0.005854872
A19: 11 | B19: =IFERROR(INDEX(Constituents!$B:$B,MATCH($B$1&"|"&A19,Constituents!$I:$I,0)),"") -> KOTAKBANK | C19: =IFERROR(INDEX(Constituents!$F:$F,MATCH($B$1&"|"&A19,Constituents!$I:$I,0)),"") -> 1771.25 | D19: =IFERROR(INDEX(Constituents!$G:$G,MATCH($B$1&"|"&A19,Constituents!$I:$I,0)),"") -> -0.010253688
A20: 12 | B20: =IFERROR(INDEX(Constituents!$B:$B,MATCH($B$1&"|"&A20,Constituents!$I:$I,0)),"") -> INDUSINDBK | C20: =IFERROR(INDEX(Constituents!$F:$F,MATCH($B$1&"|"&A20,Constituents!$I:$I,0)),"") -> 998.1 | D20: =IFERROR(INDEX(Constituents!$G:$G,MATCH($B$1&"|"&A20,Constituents!$I:$I,0)),"") -> -0.014124852
... A24: 16 | B24: =IFERROR(INDEX(Constituents!$B:$B,MATCH($B$1&"|"&A24,Constituents!$I:$I,0)),"") | C24: =IFERROR(INDEX(Constituents!$F:$F,MATCH($B$1&"|"&A24,Constituents!$I:$I,0)),"") | D24: =IFERROR(INDEX(Constituents!$G:$G,MATCH($B$1&"|"&A24,Constituents!$I:$I,0)),"")
